-- phpMyAdmin SQL Dump
-- version 5.1.1
-- https://www.phpmyadmin.net/
--
-- Host: 127.0.0.1
-- Generation Time: Apr 29, 2024 at 12:44 AM
-- Server version: 10.4.20-MariaDB
-- PHP Version: 8.0.9

SET SQL_MODE = "NO_AUTO_VALUE_ON_ZERO";
START TRANSACTION;
SET time_zone = "+00:00";


/*!40101 SET @OLD_CHARACTER_SET_CLIENT=@@CHARACTER_SET_CLIENT */;
/*!40101 SET @OLD_CHARACTER_SET_RESULTS=@@CHARACTER_SET_RESULTS */;
/*!40101 SET @OLD_COLLATION_CONNECTION=@@COLLATION_CONNECTION */;
/*!40101 SET NAMES utf8mb4 */;

--
-- Database: `paybill`
--

-- --------------------------------------------------------

--
-- Table structure for table `allowance`
--

CREATE TABLE `allowance` (
  `allow_id` int(11) NOT NULL,
  `allow_title` varchar(30) NOT NULL,
  `allow_type` varchar(30) NOT NULL,
  `allow_scale` varchar(20) NOT NULL,
  `allow_value` int(20) NOT NULL,
  `allow_max_limit` int(6) NOT NULL
) ENGINE=InnoDB DEFAULT CHARSET=utf8mb4;

--
-- Dumping data for table `allowance`
--

INSERT INTO `allowance` (`allow_id`, `allow_title`, `allow_type`, `allow_scale`, `allow_value`, `allow_max_limit`) VALUES
(13, 'House Rent', 'Fixed', '21', 17469, 17469),
(14, 'House Rent', 'Fixed', '19', 13284, 13284),
(15, 'House Rent', 'Fixed', '18', 8714, 8714),
(16, 'House Rent', 'Fixed', '17', 6649, 6649),
(17, 'House Subsidy', 'Fixed', '21', 32920, 32920),
(18, 'House Subsidy', 'Fixed', '19', 21674, 21674),
(19, 'House Subsidy', 'Fixed', '18', 16619, 16619),
(20, 'Convey Allowance', 'Fixed', '16-21', 5000, 5000),
(21, 'Charge Allowance', 'Fixed', 'Chairman', 12000, 12000),
(22, 'Qualification Allowance', 'Fixed', 'PhD', 10000, 10000),
(23, 'Qualification Allowance', 'Fixed', 'Msc', 2500, 2500),
(24, 'Senior Post Allowance ', 'Fixed', '20-21', 1250, 1250),
(25, 'Medical Allowance', 'Current', 'Married', 35, 8320),
(26, 'Medical Allowance', 'Current', 'Un-Married', 17, 4160),
(27, 'Entertainment Allowance', 'Fixed', '21', 600, 600),
(28, 'Entertainment Allowance', 'Fixed', '19-20', 500, 500),
(29, 'Special Allowance', 'Fixed', '20-21', 10000, 10000),
(30, 'Special Allowance', 'Fixed', '19', 7000, 7000),
(31, 'Special Allowance', 'Fixed', '17-18', 5000, 5000),
(32, 'Special Allowance-2021', 'Fixed', '17', 6074, 6074),
(33, 'Orderly Allowance', 'Fixed', '20-21', 21000, 21000),
(34, 'Orderly Allowance Arrear w.e.f', 'Fixed', '20-21', 56000, 56000),
(35, 'Teaching Allowance', 'Fixed', '20-21', 700, 700),
(36, 'Teaching Allowance', 'Fixed', '19', 600, 600),
(37, 'Teaching Allowance', 'Fixed', '18', 500, 500),
(38, 'Teaching Allowance-2021', 'Initial', '18-21', 20, 0),
(39, 'Computer Allowance', 'Fixed', '18 and Above', 1000, 1000),
(43, 'ARA-2018', 'Current', '1-21', 10, 0),
(44, 'Brain Drain', 'Current', 'PhD', 40, 0),
(45, 'ARA-2017', 'Current', '1-21', 10, 0),
(46, 'ARA-2016', 'Initial', '1-21', 10, 0),
(47, 'ARA-2019', 'Current', '17-19', 5, 0),
(48, 'ARA-2021', 'Current', '1-21', 10, 0),
(49, 'Washing Allowance  ', 'Fixed', 'All', 1000, 1000),
(50, 'Dressing Allowance  ', 'Fixed', 'All', 1000, 1000),
(51, 'Integrated Allowance  ', 'Fixed', 'All', 600, 600),
(52, 'Extra Duty  Allowance', 'Fixed', 'All', 60, 60),
(53, 'House Rent', 'Fixed', '3', 2120, 2120),
(54, 'House Rent', 'Fixed', '4', 2187, 2187),
(55, 'House Rent', 'Fixed', '5-7', 2383, 2383),
(56, 'House Rent', 'Fixed', '8', 2856, 2856),
(57, 'House Rent', 'Fixed', '11', 2778, 2778),
(58, 'House Rent', 'Fixed', '14', 3321, 3321),
(59, 'House Rent', 'Fixed', '16', 4091, 4091),
(60, 'House Rent', 'Fixed', '20', 0, 0),
(61, 'Convey Allowance', 'Fixed', '3-4', 1785, 1785),
(62, 'Convey Allowance', 'Fixed', '5-8', 1932, 1932),
(63, 'Convey Allowance', 'Fixed', '11-15', 2856, 2856),
(64, 'Special Allowance-2021', 'Fixed', '7-16', 3500, 3500),
(65, 'Special Allowance-2021', 'Fixed', '18', 7670, 7670),
(66, 'ARA-2019', 'Current', '1-16', 10, 0),
(68, 'Misc Allowance', 'Fixed', 'All', 2000, 0),
(69, 'Fixed Pay', 'Fixed', 'F', 60000, 60000),
(70, 'Orderly Allowance', 'Fixed', '21', 14000, 14000);

-- --------------------------------------------------------

--
-- Table structure for table `basicpay`
--

CREATE TABLE `basicpay` (
  `bp_id` int(20) NOT NULL,
  `bp_scale` int(20) NOT NULL,
  `bp_year` year(4) NOT NULL,
  `bp_min_value` int(20) NOT NULL,
  `bp_incr` int(20) NOT NULL,
  `bp_max_value` int(20) NOT NULL
) ENGINE=InnoDB DEFAULT CHARSET=utf8mb4;

--
-- Dumping data for table `basicpay`
--

INSERT INTO `basicpay` (`bp_id`, `bp_scale`, `bp_year`, `bp_min_value`, `bp_incr`, `bp_max_value`) VALUES
(7, 1, 2017, 7640, 240, 14840),
(8, 2, 2017, 9310, 330, 19210),
(9, 3, 2017, 9610, 390, 21310),
(10, 4, 2017, 9900, 440, 23100),
(11, 5, 2017, 10260, 500, 25260),
(12, 6, 2017, 10620, 560, 27420),
(13, 7, 2017, 10990, 610, 29290),
(14, 8, 2017, 11380, 670, 31480),
(15, 9, 2017, 11770, 730, 33670),
(16, 10, 2017, 12160, 800, 36160),
(17, 11, 2017, 12570, 880, 38970),
(18, 12, 2017, 13320, 960, 42120),
(19, 13, 2017, 14260, 1050, 45760),
(20, 14, 2017, 15180, 1170, 50280),
(21, 15, 2017, 16120, 1330, 56020),
(22, 16, 2017, 18190, 1520, 64510),
(23, 17, 2017, 30370, 2300, 76370),
(24, 18, 2017, 38350, 2870, 95750),
(25, 19, 2017, 59210, 3050, 120210),
(26, 20, 2017, 69090, 4510, 132230),
(27, 21, 2017, 76720, 5000, 146720),
(28, 22, 2017, 82380, 5870, 164560);

-- --------------------------------------------------------

--
-- Table structure for table `deduction`
--

CREATE TABLE `deduction` (
  `deduct_id` int(20) NOT NULL,
  `deduct_title` varchar(20) NOT NULL,
  `deduct_type` varchar(20) NOT NULL,
  `deduct_scale` varchar(20) NOT NULL,
  `deduct_value` varchar(20) NOT NULL,
  `deduct_max_limit` int(20) NOT NULL
) ENGINE=InnoDB DEFAULT CHARSET=utf8mb4;

--
-- Dumping data for table `deduction`
--

INSERT INTO `deduction` (`deduct_id`, `deduct_title`, `deduct_type`, `deduct_scale`, `deduct_value`, `deduct_max_limit`) VALUES
(5, 'House Rent', 'Current', 'All', '5% of basic pay', 0),
(7, 'Water Tax', 'Fixed', '18-21', '250', 0),
(8, 'Benevolent Fund', 'Fixed', '17-21', '500', 0),
(9, 'GPF', 'Fixed', '21', '8940', 0),
(10, 'GPF', 'Fixed', '20', '8050', 0),
(11, 'GPF', 'Fixed', '19', '7180', 0),
(12, 'GPF', 'Fixed', '18', '5360', 0),
(13, 'GPF', 'Fixed', '17', '4270', 0),
(14, 'Water Tax', 'Fixed', '17 16', '150', 0),
(15, 'Water Tax', 'Fixed', '3-14', '100', 0),
(16, 'Benevolent Fund', 'Fixed', '15-16', '400', 0),
(17, 'Benevolent Fund', 'Fixed', '11-14', '300', 0),
(18, 'Benevolent Fund', 'Fixed', '7-10', '200', 0),
(19, 'Benevolent Fund', 'Fixed', '3-6', '100', 0),
(20, 'GPF', 'Fixed', '16', '3340', 0),
(21, 'GPF', 'Fixed', '14', '2620', 0),
(22, 'GPF', 'Fixed', '12', '2220', 0),
(23, 'GPF', 'Fixed', '11', '1290', 0),
(24, 'GPF', 'Fixed', '10', '1210', 0),
(25, 'GPF', 'Fixed', '8', '1070', 0),
(26, 'GPF', 'Fixed', '7', '1010', 0),
(27, 'GPF', 'Fixed', '5', '890', 0),
(28, 'GPF', 'Fixed', '4', '830', 0),
(29, 'GPF', 'Fixed', '3', '770', 0),
(30, 'Up Keep', 'Fixed', '17-21', '15', 0),
(31, 'Group Insurance', 'Fixed', '20-21', '424', 0),
(32, 'Group Insurance', 'Fixed', '19', '299', 0),
(33, 'Group Insurance', 'Fixed', '18', '189', 0),
(34, 'Group Insurance', 'Fixed', '17', '164', 0),
(35, 'Group Insurance', 'Fixed', '16', '106', 0),
(36, 'Group Insurance', 'Fixed', '5-14', '68', 0),
(37, 'Group Insurance', 'Fixed', '3-4', '52', 0),
(38, 'Transportation Charg', 'Fixed', 'All', '2000', 0),
(39, 'Income Tax', 'Current', '18', '1.83', 0),
(40, 'Misc', 'Fixed', '18', '8320', 0),
(41, 'House Building', 'Fixed', '21', '4500', 0),
(42, 'GPF Advanced', 'Fixed', '21', '25000', 0),
(43, 'GPF Advanced', 'Fixed', '3(employee10)', '2000', 0),
(44, 'Developer', '', '', '39200', 0);

-- --------------------------------------------------------

--
-- Table structure for table `department`
--

CREATE TABLE `department` (
  `dept_id` int(11) NOT NULL,
  `dept_title` varchar(50) NOT NULL
) ENGINE=InnoDB DEFAULT CHARSET=latin1;

--
-- Dumping data for table `department`
--

INSERT INTO `department` (`dept_id`, `dept_title`) VALUES
(36, 'Computer Science'),
(37, 'Computer Software Engineering'),
(38, 'Electrical Engineering'),
(39, 'Telecom Engineering'),
(41, 'Mechanical Engineering '),
(42, 'General '),
(43, 'Natural Sciences'),
(44, 'TTS'),
(51, 'English'),
(54, 'Physics Department'),
(55, 'Maths Department'),
(56, 'Bio Tech Department '),
(57, 'Law Department'),
(58, 'Urdu Department'),
(59, 'Chemistry Department');

-- --------------------------------------------------------

--
-- Table structure for table `employee`
--

CREATE TABLE `employee` (
  `emp_id` int(11) NOT NULL,
  `emp_category` varchar(20) NOT NULL,
  `emp_status` varchar(20) NOT NULL,
  `emp_dept` int(11) NOT NULL,
  `emp_name` varchar(50) NOT NULL,
  `emp_designation` varchar(30) NOT NULL,
  `emp_scale` varchar(20) NOT NULL,
  `emp_allow16` int(20) NOT NULL,
  `emp_joining_date` varchar(20) NOT NULL,
  `emp_basic_at_joining` int(20) NOT NULL,
  `emp_email` varchar(20) NOT NULL
) ENGINE=InnoDB DEFAULT CHARSET=utf8mb4;

--
-- Dumping data for table `employee`
--

INSERT INTO `employee` (`emp_id`, `emp_category`, `emp_status`, `emp_dept`, `emp_name`, `emp_designation`, `emp_scale`, `emp_allow16`, `emp_joining_date`, `emp_basic_at_joining`, `emp_email`) VALUES
(110, 'Regular', 'Active', 37, 'Employee1', 'Professor', '21', 5741, '2018-01-01', 76720, 'test123@gmail.com'),
(111, 'Regular', 'Active', 36, 'Mr. Mian Saeed Akbar', 'Lecturer', '18', 3189, '2021-01-01', 38350, 'employee2@gamil.com'),
(115, 'Fix Pay', 'Active', 36, 'Izaz Nawaz', 'Lecturer', '15', 0, '', 0, 'test2345@gmail.com'),
(118, 'Regular', 'Active', 37, 'Employee2', 'Lecturer', '18', 5589, '2007-01-01', 38350, 'test1034@gamil.com'),
(120, 'Regular', 'Active', 37, 'Employee5', 'Professor', '21', 5741, '2018-01-01', 76720, 'employee5@gamil.com'),
(122, 'Fix Pay', 'Active', 51, 'Faiz Muhammad', 'Lecturer', '16', 0, '2020-08-02', 38350, 'hhh@gmail.com'),
(123, 'Regular', 'Active', 42, 'Mr. Imtiaz Ahmad', 'Deputy Director Admission', '18', 3702, '2014-01-01', 38350, 'imtiaz@uetmardan.edu'),
(124, 'Regular', 'Active', 36, 'Izaz Ur Rehman', 'Professor', '18', 0, '2010-01-30', 100000, 'izaz@gmail.com'),
(126, 'Regular', 'Active', 51, 'Nazia Gull', 'Assistant Professor ', '16', 50000, '2016-05-16', 60000, 'nazia541@gmail.com');

-- --------------------------------------------------------

--
-- Table structure for table `employee_allowances`
--

CREATE TABLE `employee_allowances` (
  `emp_allow_id` int(11) NOT NULL,
  `emp_id` int(11) NOT NULL,
  `allow_id` int(11) NOT NULL
) ENGINE=InnoDB DEFAULT CHARSET=utf8mb4;

--
-- Dumping data for table `employee_allowances`
--

INSERT INTO `employee_allowances` (`emp_allow_id`, `emp_id`, `allow_id`) VALUES
(129, 110, 17),
(130, 110, 20),
(131, 110, 21),
(132, 110, 22),
(133, 110, 24),
(134, 110, 25),
(135, 110, 27),
(136, 110, 29),
(137, 110, 33),
(138, 110, 34),
(139, 110, 35),
(140, 110, 38),
(141, 110, 39),
(142, 110, 44),
(143, 110, 45),
(144, 110, 43),
(145, 110, 48),
(147, 116, 14),
(148, 116, 18),
(149, 116, 20),
(152, 76, 56),
(153, 76, 69),
(154, 117, 69),
(155, 118, 15),
(156, 118, 20),
(157, 118, 23),
(158, 118, 25),
(159, 118, 31),
(160, 118, 37),
(161, 118, 38),
(162, 118, 39),
(163, 118, 45),
(164, 118, 43),
(165, 118, 47),
(166, 118, 48),
(167, 115, 69),
(168, 119, 16),
(169, 119, 20),
(170, 119, 23),
(171, 119, 26),
(172, 119, 31),
(173, 119, 45),
(174, 119, 43),
(175, 119, 47),
(176, 119, 48),
(177, 119, 68),
(202, 120, 17),
(203, 120, 20),
(204, 120, 21),
(205, 120, 22),
(206, 120, 24),
(207, 120, 25),
(208, 120, 27),
(209, 120, 29),
(210, 120, 70),
(211, 120, 35),
(212, 120, 38),
(213, 120, 39),
(214, 120, 44),
(215, 120, 45),
(216, 120, 43),
(217, 120, 48),
(218, 121, 61),
(219, 121, 25),
(220, 121, 45),
(221, 121, 43),
(222, 121, 66),
(223, 121, 48),
(224, 121, 49),
(225, 121, 50),
(226, 121, 51),
(227, 122, 69),
(228, 123, 20),
(229, 123, 25),
(230, 123, 65),
(231, 123, 45),
(232, 123, 43),
(233, 123, 47),
(234, 123, 48),
(235, 111, 15),
(236, 111, 20),
(237, 111, 23),
(238, 111, 25),
(239, 111, 31),
(240, 111, 37),
(241, 111, 38),
(242, 111, 39),
(243, 111, 45),
(244, 111, 43),
(245, 111, 47),
(246, 111, 48),
(247, 125, 14),
(248, 125, 17),
(249, 125, 61),
(250, 125, 21),
(251, 125, 22),
(252, 125, 24),
(253, 125, 25),
(254, 125, 27),
(255, 125, 29),
(256, 125, 64),
(257, 125, 33),
(258, 125, 34),
(259, 125, 69),
(260, 125, 36),
(261, 125, 38),
(262, 125, 39),
(263, 125, 44),
(264, 125, 46),
(265, 125, 45),
(266, 125, 43),
(267, 125, 47),
(268, 125, 48),
(269, 125, 49),
(270, 125, 50),
(271, 125, 51),
(272, 125, 68),
(273, 126, 53),
(274, 126, 18),
(275, 126, 61),
(276, 126, 21),
(277, 126, 23),
(278, 126, 24),
(279, 126, 27),
(280, 126, 31),
(281, 126, 64),
(282, 126, 33),
(283, 126, 36),
(284, 126, 38),
(285, 126, 39),
(286, 126, 44),
(287, 126, 46),
(288, 126, 45),
(289, 126, 43),
(290, 126, 48),
(291, 126, 51);

-- --------------------------------------------------------

--
-- Table structure for table `employee_deduction`
--

CREATE TABLE `employee_deduction` (
  `emp_deduct_id` int(20) NOT NULL,
  `emp_id` int(20) NOT NULL,
  `deduct_id` int(20) NOT NULL
) ENGINE=InnoDB DEFAULT CHARSET=utf8mb4;

--
-- Dumping data for table `employee_deduction`
--

INSERT INTO `employee_deduction` (`emp_deduct_id`, `emp_id`, `deduct_id`) VALUES
(96, 110, 8),
(97, 110, 9),
(98, 110, 31),
(99, 110, 41),
(100, 110, 42),
(101, 116, 7),
(102, 116, 8),
(103, 111, 8),
(104, 111, 12),
(105, 111, 33),
(106, 118, 8),
(107, 118, 12),
(108, 118, 33),
(109, 119, 5),
(110, 119, 14),
(111, 119, 8),
(112, 119, 13),
(113, 119, 30),
(114, 119, 34),
(115, 120, 8),
(116, 120, 9),
(117, 120, 31),
(118, 120, 41),
(119, 120, 42),
(120, 121, 15),
(121, 121, 19),
(122, 121, 29),
(123, 121, 15),
(124, 121, 19),
(125, 121, 29),
(126, 121, 37),
(127, 121, 43),
(128, 123, 7),
(129, 123, 8),
(130, 123, 12),
(131, 123, 33),
(132, 126, 5),
(133, 126, 15),
(134, 126, 18),
(135, 126, 20),
(136, 126, 35),
(137, 126, 39),
(138, 126, 43);

-- --------------------------------------------------------

--
-- Table structure for table `pay_slip`
--

CREATE TABLE `pay_slip` (
  `payslip_id` int(20) NOT NULL,
  `emp_id` int(20) NOT NULL,
  `month` varchar(20) NOT NULL,
  `basic_pay_amount` int(20) NOT NULL,
  `allow_id` int(20) NOT NULL,
  `deduct_id` int(20) NOT NULL,
  `amount` int(20) NOT NULL
) ENGINE=InnoDB DEFAULT CHARSET=utf8mb4;

--
-- Dumping data for table `pay_slip`
--

INSERT INTO `pay_slip` (`payslip_id`, `emp_id`, `month`, `basic_pay_amount`, `allow_id`, `deduct_id`, `amount`) VALUES
(6542, 110, '2022-01', 96720, 17, 0, 32920),
(6543, 110, '2022-01', 96720, 20, 0, 5000),
(6544, 110, '2022-01', 96720, 21, 0, 12000),
(6545, 110, '2022-01', 96720, 22, 0, 10000),
(6546, 110, '2022-01', 96720, 24, 0, 1250),
(6547, 110, '2022-01', 96720, 25, 0, 8320),
(6548, 110, '2022-01', 96720, 27, 0, 600),
(6549, 110, '2022-01', 96720, 29, 0, 10000),
(6550, 110, '2022-01', 96720, 33, 0, 21000),
(6551, 110, '2022-01', 96720, 34, 0, 56000),
(6552, 110, '2022-01', 96720, 35, 0, 700),
(6553, 110, '2022-01', 96720, 38, 0, 15344),
(6554, 110, '2022-01', 96720, 39, 0, 1000),
(6555, 110, '2022-01', 96720, 44, 0, 38688),
(6556, 110, '2022-01', 96720, 45, 0, 9672),
(6557, 110, '2022-01', 96720, 43, 0, 9672),
(6558, 110, '2022-01', 96720, 48, 0, 9672),
(6559, 110, '2022-01', 96720, 0, 8, 500),
(6560, 110, '2022-01', 96720, 0, 9, 8940),
(6561, 110, '2022-01', 96720, 0, 31, 424),
(6562, 110, '2022-01', 96720, 0, 41, 4500),
(6563, 110, '2022-01', 96720, 0, 42, 25000),
(6564, 111, '2022-01', 41220, 15, 0, 8714),
(6565, 111, '2022-01', 41220, 20, 0, 5000),
(6566, 111, '2022-01', 41220, 23, 0, 2500),
(6567, 111, '2022-01', 41220, 25, 0, 8320),
(6568, 111, '2022-01', 41220, 31, 0, 5000),
(6569, 111, '2022-01', 41220, 37, 0, 500),
(6570, 111, '2022-01', 41220, 38, 0, 7670),
(6571, 111, '2022-01', 41220, 39, 0, 1000),
(6572, 111, '2022-01', 41220, 45, 0, 4122),
(6573, 111, '2022-01', 41220, 43, 0, 4122),
(6574, 111, '2022-01', 41220, 47, 0, 2061),
(6575, 111, '2022-01', 41220, 48, 0, 4122),
(6576, 111, '2022-01', 41220, 0, 8, 500),
(6577, 111, '2022-01', 41220, 0, 12, 5360),
(6578, 111, '2022-01', 41220, 0, 33, 189),
(6579, 115, '2022-01', 0, 69, 0, 60000),
(6580, 118, '2022-01', 81400, 15, 0, 8714),
(6581, 118, '2022-01', 81400, 20, 0, 5000),
(6582, 118, '2022-01', 81400, 23, 0, 2500),
(6583, 118, '2022-01', 81400, 25, 0, 8320),
(6584, 118, '2022-01', 81400, 31, 0, 5000),
(6585, 118, '2022-01', 81400, 37, 0, 500),
(6586, 118, '2022-01', 81400, 38, 0, 7670),
(6587, 118, '2022-01', 81400, 39, 0, 1000),
(6588, 118, '2022-01', 81400, 45, 0, 8140),
(6589, 118, '2022-01', 81400, 43, 0, 8140),
(6590, 118, '2022-01', 81400, 47, 0, 4070),
(6591, 118, '2022-01', 81400, 48, 0, 8140),
(6592, 118, '2022-01', 81400, 0, 8, 500),
(6593, 118, '2022-01', 81400, 0, 12, 5360),
(6594, 118, '2022-01', 81400, 0, 33, 189),
(6611, 120, '2022-01', 96720, 17, 0, 32920),
(6612, 120, '2022-01', 96720, 20, 0, 5000),
(6613, 120, '2022-01', 96720, 21, 0, 12000),
(6614, 120, '2022-01', 96720, 22, 0, 10000),
(6615, 120, '2022-01', 96720, 24, 0, 1250),
(6616, 120, '2022-01', 96720, 25, 0, 8320),
(6617, 120, '2022-01', 96720, 27, 0, 600),
(6618, 120, '2022-01', 96720, 29, 0, 10000),
(6619, 120, '2022-01', 96720, 70, 0, 14000),
(6620, 120, '2022-01', 96720, 35, 0, 700),
(6621, 120, '2022-01', 96720, 38, 0, 15344),
(6622, 120, '2022-01', 96720, 39, 0, 1000),
(6623, 120, '2022-01', 96720, 44, 0, 38688),
(6624, 120, '2022-01', 96720, 45, 0, 9672),
(6625, 120, '2022-01', 96720, 43, 0, 9672),
(6626, 120, '2022-01', 96720, 48, 0, 9672),
(6627, 120, '2022-01', 96720, 0, 8, 500),
(6628, 120, '2022-01', 96720, 0, 9, 8940),
(6629, 120, '2022-01', 96720, 0, 31, 424),
(6630, 120, '2022-01', 96720, 0, 41, 4500),
(6631, 120, '2022-01', 96720, 0, 42, 25000),
(6632, 122, '2022-01', 38350, 69, 0, 60000),
(6633, 110, '2022-02', 96720, 17, 0, 32920),
(6634, 110, '2022-02', 96720, 20, 0, 5000),
(6635, 110, '2022-02', 96720, 21, 0, 12000),
(6636, 110, '2022-02', 96720, 22, 0, 10000),
(6637, 110, '2022-02', 96720, 24, 0, 1250),
(6638, 110, '2022-02', 96720, 25, 0, 8320),
(6639, 110, '2022-02', 96720, 27, 0, 600),
(6640, 110, '2022-02', 96720, 29, 0, 10000),
(6641, 110, '2022-02', 96720, 33, 0, 21000),
(6642, 110, '2022-02', 96720, 34, 0, 56000),
(6643, 110, '2022-02', 96720, 35, 0, 700),
(6644, 110, '2022-02', 96720, 38, 0, 15344),
(6645, 110, '2022-02', 96720, 39, 0, 1000),
(6646, 110, '2022-02', 96720, 44, 0, 38688),
(6647, 110, '2022-02', 96720, 45, 0, 9672),
(6648, 110, '2022-02', 96720, 43, 0, 9672),
(6649, 110, '2022-02', 96720, 48, 0, 9672),
(6650, 110, '2022-02', 96720, 0, 8, 500),
(6651, 110, '2022-02', 96720, 0, 9, 8940),
(6652, 110, '2022-02', 96720, 0, 31, 424),
(6653, 110, '2022-02', 96720, 0, 41, 4500),
(6654, 110, '2022-02', 96720, 0, 42, 25000),
(6655, 111, '2022-02', 41220, 15, 0, 8714),
(6656, 111, '2022-02', 41220, 20, 0, 5000),
(6657, 111, '2022-02', 41220, 23, 0, 2500),
(6658, 111, '2022-02', 41220, 25, 0, 8320),
(6659, 111, '2022-02', 41220, 31, 0, 5000),
(6660, 111, '2022-02', 41220, 37, 0, 500),
(6661, 111, '2022-02', 41220, 38, 0, 7670),
(6662, 111, '2022-02', 41220, 39, 0, 1000),
(6663, 111, '2022-02', 41220, 45, 0, 4122),
(6664, 111, '2022-02', 41220, 43, 0, 4122),
(6665, 111, '2022-02', 41220, 47, 0, 2061),
(6666, 111, '2022-02', 41220, 48, 0, 4122),
(6667, 111, '2022-02', 41220, 0, 8, 500),
(6668, 111, '2022-02', 41220, 0, 12, 5360),
(6669, 111, '2022-02', 41220, 0, 33, 189),
(6670, 115, '2022-02', 0, 69, 0, 60000),
(6671, 118, '2022-02', 81400, 15, 0, 8714),
(6672, 118, '2022-02', 81400, 20, 0, 5000),
(6673, 118, '2022-02', 81400, 23, 0, 2500),
(6674, 118, '2022-02', 81400, 25, 0, 8320),
(6675, 118, '2022-02', 81400, 31, 0, 5000),
(6676, 118, '2022-02', 81400, 37, 0, 500),
(6677, 118, '2022-02', 81400, 38, 0, 7670),
(6678, 118, '2022-02', 81400, 39, 0, 1000),
(6679, 118, '2022-02', 81400, 45, 0, 8140),
(6680, 118, '2022-02', 81400, 43, 0, 8140),
(6681, 118, '2022-02', 81400, 47, 0, 4070),
(6682, 118, '2022-02', 81400, 48, 0, 8140),
(6683, 118, '2022-02', 81400, 0, 8, 500),
(6684, 118, '2022-02', 81400, 0, 12, 5360),
(6685, 118, '2022-02', 81400, 0, 33, 189),
(6686, 120, '2022-02', 96720, 17, 0, 32920),
(6687, 120, '2022-02', 96720, 20, 0, 5000),
(6688, 120, '2022-02', 96720, 21, 0, 12000),
(6689, 120, '2022-02', 96720, 22, 0, 10000),
(6690, 120, '2022-02', 96720, 24, 0, 1250),
(6691, 120, '2022-02', 96720, 25, 0, 8320),
(6692, 120, '2022-02', 96720, 27, 0, 600),
(6693, 120, '2022-02', 96720, 29, 0, 10000),
(6694, 120, '2022-02', 96720, 70, 0, 14000),
(6695, 120, '2022-02', 96720, 35, 0, 700),
(6696, 120, '2022-02', 96720, 38, 0, 15344),
(6697, 120, '2022-02', 96720, 39, 0, 1000),
(6698, 120, '2022-02', 96720, 44, 0, 38688),
(6699, 120, '2022-02', 96720, 45, 0, 9672),
(6700, 120, '2022-02', 96720, 43, 0, 9672),
(6701, 120, '2022-02', 96720, 48, 0, 9672),
(6702, 120, '2022-02', 96720, 0, 8, 500),
(6703, 120, '2022-02', 96720, 0, 9, 8940),
(6704, 120, '2022-02', 96720, 0, 31, 424),
(6705, 120, '2022-02', 96720, 0, 41, 4500),
(6706, 120, '2022-02', 96720, 0, 42, 25000),
(6707, 122, '2022-02', 38350, 69, 0, 60000),
(6708, 110, '2022-03', 96720, 17, 0, 32920),
(6709, 110, '2022-03', 96720, 20, 0, 5000),
(6710, 110, '2022-03', 96720, 21, 0, 12000),
(6711, 110, '2022-03', 96720, 22, 0, 10000),
(6712, 110, '2022-03', 96720, 24, 0, 1250),
(6713, 110, '2022-03', 96720, 25, 0, 8320),
(6714, 110, '2022-03', 96720, 27, 0, 600),
(6715, 110, '2022-03', 96720, 29, 0, 10000),
(6716, 110, '2022-03', 96720, 33, 0, 21000),
(6717, 110, '2022-03', 96720, 34, 0, 56000),
(6718, 110, '2022-03', 96720, 35, 0, 700),
(6719, 110, '2022-03', 96720, 38, 0, 15344),
(6720, 110, '2022-03', 96720, 39, 0, 1000),
(6721, 110, '2022-03', 96720, 44, 0, 38688),
(6722, 110, '2022-03', 96720, 45, 0, 9672),
(6723, 110, '2022-03', 96720, 43, 0, 9672),
(6724, 110, '2022-03', 96720, 48, 0, 9672),
(6725, 110, '2022-03', 96720, 0, 8, 500),
(6726, 110, '2022-03', 96720, 0, 9, 8940),
(6727, 110, '2022-03', 96720, 0, 31, 424),
(6728, 110, '2022-03', 96720, 0, 41, 4500),
(6729, 110, '2022-03', 96720, 0, 42, 25000),
(6730, 111, '2022-03', 41220, 15, 0, 8714),
(6731, 111, '2022-03', 41220, 20, 0, 5000),
(6732, 111, '2022-03', 41220, 23, 0, 2500),
(6733, 111, '2022-03', 41220, 25, 0, 8320),
(6734, 111, '2022-03', 41220, 31, 0, 5000),
(6735, 111, '2022-03', 41220, 37, 0, 500),
(6736, 111, '2022-03', 41220, 38, 0, 7670),
(6737, 111, '2022-03', 41220, 39, 0, 1000),
(6738, 111, '2022-03', 41220, 45, 0, 4122),
(6739, 111, '2022-03', 41220, 43, 0, 4122),
(6740, 111, '2022-03', 41220, 47, 0, 2061),
(6741, 111, '2022-03', 41220, 48, 0, 4122),
(6742, 111, '2022-03', 41220, 0, 8, 500),
(6743, 111, '2022-03', 41220, 0, 12, 5360),
(6744, 111, '2022-03', 41220, 0, 33, 189),
(6745, 115, '2022-03', 0, 69, 0, 60000),
(6746, 118, '2022-03', 81400, 15, 0, 8714),
(6747, 118, '2022-03', 81400, 20, 0, 5000),
(6748, 118, '2022-03', 81400, 23, 0, 2500),
(6749, 118, '2022-03', 81400, 25, 0, 8320),
(6750, 118, '2022-03', 81400, 31, 0, 5000),
(6751, 118, '2022-03', 81400, 37, 0, 500),
(6752, 118, '2022-03', 81400, 38, 0, 7670),
(6753, 118, '2022-03', 81400, 39, 0, 1000),
(6754, 118, '2022-03', 81400, 45, 0, 8140),
(6755, 118, '2022-03', 81400, 43, 0, 8140),
(6756, 118, '2022-03', 81400, 47, 0, 4070),
(6757, 118, '2022-03', 81400, 48, 0, 8140),
(6758, 118, '2022-03', 81400, 0, 8, 500),
(6759, 118, '2022-03', 81400, 0, 12, 5360),
(6760, 118, '2022-03', 81400, 0, 33, 189),
(6761, 120, '2022-03', 96720, 17, 0, 32920),
(6762, 120, '2022-03', 96720, 20, 0, 5000),
(6763, 120, '2022-03', 96720, 21, 0, 12000),
(6764, 120, '2022-03', 96720, 22, 0, 10000),
(6765, 120, '2022-03', 96720, 24, 0, 1250),
(6766, 120, '2022-03', 96720, 25, 0, 8320),
(6767, 120, '2022-03', 96720, 27, 0, 600),
(6768, 120, '2022-03', 96720, 29, 0, 10000),
(6769, 120, '2022-03', 96720, 70, 0, 14000),
(6770, 120, '2022-03', 96720, 35, 0, 700),
(6771, 120, '2022-03', 96720, 38, 0, 15344),
(6772, 120, '2022-03', 96720, 39, 0, 1000),
(6773, 120, '2022-03', 96720, 44, 0, 38688),
(6774, 120, '2022-03', 96720, 45, 0, 9672),
(6775, 120, '2022-03', 96720, 43, 0, 9672),
(6776, 120, '2022-03', 96720, 48, 0, 9672),
(6777, 120, '2022-03', 96720, 0, 8, 500),
(6778, 120, '2022-03', 96720, 0, 9, 8940),
(6779, 120, '2022-03', 96720, 0, 31, 424),
(6780, 120, '2022-03', 96720, 0, 41, 4500),
(6781, 120, '2022-03', 96720, 0, 42, 25000),
(6782, 122, '2022-03', 38350, 69, 0, 60000),
(6783, 123, '2022-03', 61310, 20, 0, 5000),
(6784, 123, '2022-03', 61310, 25, 0, 8320),
(6785, 123, '2022-03', 61310, 65, 0, 7670),
(6786, 123, '2022-03', 61310, 45, 0, 6131),
(6787, 123, '2022-03', 61310, 43, 0, 6131),
(6788, 123, '2022-03', 61310, 47, 0, 3066),
(6789, 123, '2022-03', 61310, 48, 0, 6131),
(6790, 123, '2022-03', 61310, 0, 7, 250),
(6791, 123, '2022-03', 61310, 0, 8, 500),
(6792, 123, '2022-03', 61310, 0, 12, 5360),
(6793, 123, '2022-03', 61310, 0, 33, 189),
(6794, 110, '2024-04', 106720, 17, 0, 32920),
(6795, 110, '2024-04', 106720, 20, 0, 5000),
(6796, 110, '2024-04', 106720, 21, 0, 12000),
(6797, 110, '2024-04', 106720, 22, 0, 10000),
(6798, 110, '2024-04', 106720, 24, 0, 1250),
(6799, 110, '2024-04', 106720, 25, 0, 8320),
(6800, 110, '2024-04', 106720, 27, 0, 600),
(6801, 110, '2024-04', 106720, 29, 0, 10000),
(6802, 110, '2024-04', 106720, 33, 0, 21000),
(6803, 110, '2024-04', 106720, 34, 0, 56000),
(6804, 110, '2024-04', 106720, 35, 0, 700),
(6805, 110, '2024-04', 106720, 38, 0, 15344),
(6806, 110, '2024-04', 106720, 39, 0, 1000),
(6807, 110, '2024-04', 106720, 44, 0, 42688),
(6808, 110, '2024-04', 106720, 45, 0, 10672),
(6809, 110, '2024-04', 106720, 43, 0, 10672),
(6810, 110, '2024-04', 106720, 48, 0, 10672),
(6811, 110, '2024-04', 106720, 0, 8, 500),
(6812, 110, '2024-04', 106720, 0, 9, 8940),
(6813, 110, '2024-04', 106720, 0, 31, 424),
(6814, 110, '2024-04', 106720, 0, 41, 4500),
(6815, 110, '2024-04', 106720, 0, 42, 25000),
(6816, 111, '2024-04', 46960, 15, 0, 8714),
(6817, 111, '2024-04', 46960, 20, 0, 5000),
(6818, 111, '2024-04', 46960, 23, 0, 2500),
(6819, 111, '2024-04', 46960, 25, 0, 8320),
(6820, 111, '2024-04', 46960, 31, 0, 5000),
(6821, 111, '2024-04', 46960, 37, 0, 500),
(6822, 111, '2024-04', 46960, 38, 0, 7670),
(6823, 111, '2024-04', 46960, 39, 0, 1000),
(6824, 111, '2024-04', 46960, 45, 0, 4696),
(6825, 111, '2024-04', 46960, 43, 0, 4696),
(6826, 111, '2024-04', 46960, 47, 0, 2348),
(6827, 111, '2024-04', 46960, 48, 0, 4696),
(6828, 111, '2024-04', 46960, 0, 8, 500),
(6829, 111, '2024-04', 46960, 0, 12, 5360),
(6830, 111, '2024-04', 46960, 0, 33, 189),
(6831, 115, '2024-04', 0, 69, 0, 60000),
(6832, 118, '2024-04', 87140, 15, 0, 8714),
(6833, 118, '2024-04', 87140, 20, 0, 5000),
(6834, 118, '2024-04', 87140, 23, 0, 2500),
(6835, 118, '2024-04', 87140, 25, 0, 8320),
(6836, 118, '2024-04', 87140, 31, 0, 5000),
(6837, 118, '2024-04', 87140, 37, 0, 500),
(6838, 118, '2024-04', 87140, 38, 0, 7670),
(6839, 118, '2024-04', 87140, 39, 0, 1000),
(6840, 118, '2024-04', 87140, 45, 0, 8714),
(6841, 118, '2024-04', 87140, 43, 0, 8714),
(6842, 118, '2024-04', 87140, 47, 0, 4357),
(6843, 118, '2024-04', 87140, 48, 0, 8714),
(6844, 118, '2024-04', 87140, 0, 8, 500),
(6845, 118, '2024-04', 87140, 0, 12, 5360),
(6846, 118, '2024-04', 87140, 0, 33, 189),
(6868, 122, '2024-04', 38350, 69, 0, 60000),
(6869, 123, '2024-04', 67050, 20, 0, 5000),
(6870, 123, '2024-04', 67050, 25, 0, 8320),
(6871, 123, '2024-04', 67050, 65, 0, 7670),
(6872, 123, '2024-04', 67050, 45, 0, 6705),
(6873, 123, '2024-04', 67050, 43, 0, 6705),
(6874, 123, '2024-04', 67050, 47, 0, 3353),
(6875, 123, '2024-04', 67050, 48, 0, 6705),
(6876, 123, '2024-04', 67050, 0, 7, 250),
(6877, 123, '2024-04', 67050, 0, 8, 500),
(6878, 123, '2024-04', 67050, 0, 12, 5360),
(6879, 123, '2024-04', 67050, 0, 33, 189),
(6880, 125, '2024-04', 199999999, 14, 0, 13284),
(6881, 125, '2024-04', 199999999, 17, 0, 32920),
(6882, 125, '2024-04', 199999999, 61, 0, 1785),
(6883, 125, '2024-04', 199999999, 21, 0, 12000),
(6884, 125, '2024-04', 199999999, 22, 0, 10000),
(6885, 125, '2024-04', 199999999, 24, 0, 1250),
(6886, 125, '2024-04', 199999999, 25, 0, 8320),
(6887, 125, '2024-04', 199999999, 27, 0, 600),
(6888, 125, '2024-04', 199999999, 29, 0, 10000),
(6889, 125, '2024-04', 199999999, 64, 0, 3500),
(6890, 125, '2024-04', 199999999, 33, 0, 21000),
(6891, 125, '2024-04', 199999999, 34, 0, 56000),
(6892, 125, '2024-04', 199999999, 69, 0, 60000),
(6893, 125, '2024-04', 199999999, 36, 0, 600),
(6894, 125, '2024-04', 199999999, 38, 0, 40000000),
(6895, 125, '2024-04', 199999999, 39, 0, 1000),
(6896, 125, '2024-04', 199999999, 44, 0, 80000000),
(6897, 125, '2024-04', 199999999, 46, 0, 20000000),
(6898, 125, '2024-04', 199999999, 45, 0, 20000000),
(6899, 125, '2024-04', 199999999, 43, 0, 20000000),
(6900, 125, '2024-04', 199999999, 47, 0, 10000000),
(6901, 125, '2024-04', 199999999, 48, 0, 20000000),
(6902, 125, '2024-04', 199999999, 49, 0, 1000),
(6903, 125, '2024-04', 199999999, 50, 0, 1000),
(6904, 125, '2024-04', 199999999, 51, 0, 600),
(6905, 125, '2024-04', 199999999, 68, 0, 0),
(6906, 110, '2023-02', 106720, 17, 0, 32920),
(6907, 110, '2023-02', 106720, 20, 0, 5000),
(6908, 110, '2023-02', 106720, 21, 0, 12000),
(6909, 110, '2023-02', 106720, 22, 0, 10000),
(6910, 110, '2023-02', 106720, 24, 0, 1250),
(6911, 110, '2023-02', 106720, 25, 0, 8320),
(6912, 110, '2023-02', 106720, 27, 0, 600),
(6913, 110, '2023-02', 106720, 29, 0, 10000),
(6914, 110, '2023-02', 106720, 33, 0, 21000),
(6915, 110, '2023-02', 106720, 34, 0, 56000),
(6916, 110, '2023-02', 106720, 35, 0, 700),
(6917, 110, '2023-02', 106720, 38, 0, 15344),
(6918, 110, '2023-02', 106720, 39, 0, 1000),
(6919, 110, '2023-02', 106720, 44, 0, 42688),
(6920, 110, '2023-02', 106720, 45, 0, 10672),
(6921, 110, '2023-02', 106720, 43, 0, 10672),
(6922, 110, '2023-02', 106720, 48, 0, 10672),
(6923, 110, '2023-02', 106720, 0, 8, 500),
(6924, 110, '2023-02', 106720, 0, 9, 8940),
(6925, 110, '2023-02', 106720, 0, 31, 424),
(6926, 110, '2023-02', 106720, 0, 41, 4500),
(6927, 110, '2023-02', 106720, 0, 42, 25000),
(6928, 111, '2023-02', 46960, 15, 0, 8714),
(6929, 111, '2023-02', 46960, 20, 0, 5000),
(6930, 111, '2023-02', 46960, 23, 0, 2500),
(6931, 111, '2023-02', 46960, 25, 0, 8320),
(6932, 111, '2023-02', 46960, 31, 0, 5000),
(6933, 111, '2023-02', 46960, 37, 0, 500),
(6934, 111, '2023-02', 46960, 38, 0, 7670),
(6935, 111, '2023-02', 46960, 39, 0, 1000),
(6936, 111, '2023-02', 46960, 45, 0, 4696),
(6937, 111, '2023-02', 46960, 43, 0, 4696),
(6938, 111, '2023-02', 46960, 47, 0, 2348),
(6939, 111, '2023-02', 46960, 48, 0, 4696),
(6940, 111, '2023-02', 46960, 0, 8, 500),
(6941, 111, '2023-02', 46960, 0, 12, 5360),
(6942, 111, '2023-02', 46960, 0, 33, 189),
(6943, 115, '2023-02', 0, 69, 0, 60000),
(6944, 118, '2023-02', 87140, 15, 0, 8714),
(6945, 118, '2023-02', 87140, 20, 0, 5000),
(6946, 118, '2023-02', 87140, 23, 0, 2500),
(6947, 118, '2023-02', 87140, 25, 0, 8320),
(6948, 118, '2023-02', 87140, 31, 0, 5000),
(6949, 118, '2023-02', 87140, 37, 0, 500),
(6950, 118, '2023-02', 87140, 38, 0, 7670),
(6951, 118, '2023-02', 87140, 39, 0, 1000),
(6952, 118, '2023-02', 87140, 45, 0, 8714),
(6953, 118, '2023-02', 87140, 43, 0, 8714),
(6954, 118, '2023-02', 87140, 47, 0, 4357),
(6955, 118, '2023-02', 87140, 48, 0, 8714),
(6956, 118, '2023-02', 87140, 0, 8, 500),
(6957, 118, '2023-02', 87140, 0, 12, 5360),
(6958, 118, '2023-02', 87140, 0, 33, 189),
(6959, 120, '2023-02', 106720, 17, 0, 32920),
(6960, 120, '2023-02', 106720, 20, 0, 5000),
(6961, 120, '2023-02', 106720, 21, 0, 12000),
(6962, 120, '2023-02', 106720, 22, 0, 10000),
(6963, 120, '2023-02', 106720, 24, 0, 1250),
(6964, 120, '2023-02', 106720, 25, 0, 8320),
(6965, 120, '2023-02', 106720, 27, 0, 600),
(6966, 120, '2023-02', 106720, 29, 0, 10000),
(6967, 120, '2023-02', 106720, 70, 0, 14000),
(6968, 120, '2023-02', 106720, 35, 0, 700),
(6969, 120, '2023-02', 106720, 38, 0, 15344),
(6970, 120, '2023-02', 106720, 39, 0, 1000),
(6971, 120, '2023-02', 106720, 44, 0, 42688),
(6972, 120, '2023-02', 106720, 45, 0, 10672),
(6973, 120, '2023-02', 106720, 43, 0, 10672),
(6974, 120, '2023-02', 106720, 48, 0, 10672),
(6975, 120, '2023-02', 106720, 0, 8, 500),
(6976, 120, '2023-02', 106720, 0, 9, 8940),
(6977, 120, '2023-02', 106720, 0, 31, 424),
(6978, 120, '2023-02', 106720, 0, 41, 4500),
(6979, 120, '2023-02', 106720, 0, 42, 25000),
(6980, 122, '2023-02', 42910, 69, 0, 60000),
(6981, 123, '2023-02', 67050, 20, 0, 5000),
(6982, 123, '2023-02', 67050, 25, 0, 8320),
(6983, 123, '2023-02', 67050, 65, 0, 7670),
(6984, 123, '2023-02', 67050, 45, 0, 6705),
(6985, 123, '2023-02', 67050, 43, 0, 6705),
(6986, 123, '2023-02', 67050, 47, 0, 3353),
(6987, 123, '2023-02', 67050, 48, 0, 6705),
(6988, 123, '2023-02', 67050, 0, 7, 250),
(6989, 123, '2023-02', 67050, 0, 8, 500),
(6990, 123, '2023-02', 67050, 0, 12, 5360),
(6991, 123, '2023-02', 67050, 0, 33, 189),
(6992, 110, '2024-03', 106720, 17, 0, 32920),
(6993, 110, '2024-03', 106720, 20, 0, 5000),
(6994, 110, '2024-03', 106720, 21, 0, 12000),
(6995, 110, '2024-03', 106720, 22, 0, 10000),
(6996, 110, '2024-03', 106720, 24, 0, 1250),
(6997, 110, '2024-03', 106720, 25, 0, 8320),
(6998, 110, '2024-03', 106720, 27, 0, 600),
(6999, 110, '2024-03', 106720, 29, 0, 10000),
(7000, 110, '2024-03', 106720, 33, 0, 21000),
(7001, 110, '2024-03', 106720, 34, 0, 56000),
(7002, 110, '2024-03', 106720, 35, 0, 700),
(7003, 110, '2024-03', 106720, 38, 0, 15344),
(7004, 110, '2024-03', 106720, 39, 0, 1000),
(7005, 110, '2024-03', 106720, 44, 0, 42688),
(7006, 110, '2024-03', 106720, 45, 0, 10672),
(7007, 110, '2024-03', 106720, 43, 0, 10672),
(7008, 110, '2024-03', 106720, 48, 0, 10672),
(7009, 110, '2024-03', 106720, 0, 8, 500),
(7010, 110, '2024-03', 106720, 0, 9, 8940),
(7011, 110, '2024-03', 106720, 0, 31, 424),
(7012, 110, '2024-03', 106720, 0, 41, 4500),
(7013, 110, '2024-03', 106720, 0, 42, 25000),
(7014, 111, '2024-03', 46960, 15, 0, 8714),
(7015, 111, '2024-03', 46960, 20, 0, 5000),
(7016, 111, '2024-03', 46960, 23, 0, 2500),
(7017, 111, '2024-03', 46960, 25, 0, 8320),
(7018, 111, '2024-03', 46960, 31, 0, 5000),
(7019, 111, '2024-03', 46960, 37, 0, 500),
(7020, 111, '2024-03', 46960, 38, 0, 7670),
(7021, 111, '2024-03', 46960, 39, 0, 1000),
(7022, 111, '2024-03', 46960, 45, 0, 4696),
(7023, 111, '2024-03', 46960, 43, 0, 4696),
(7024, 111, '2024-03', 46960, 47, 0, 2348),
(7025, 111, '2024-03', 46960, 48, 0, 4696),
(7026, 111, '2024-03', 46960, 0, 8, 500),
(7027, 111, '2024-03', 46960, 0, 12, 5360),
(7028, 111, '2024-03', 46960, 0, 33, 189),
(7029, 115, '2024-03', 0, 69, 0, 60000),
(7030, 118, '2024-03', 87140, 15, 0, 8714),
(7031, 118, '2024-03', 87140, 20, 0, 5000),
(7032, 118, '2024-03', 87140, 23, 0, 2500),
(7033, 118, '2024-03', 87140, 25, 0, 8320),
(7034, 118, '2024-03', 87140, 31, 0, 5000),
(7035, 118, '2024-03', 87140, 37, 0, 500),
(7036, 118, '2024-03', 87140, 38, 0, 7670),
(7037, 118, '2024-03', 87140, 39, 0, 1000),
(7038, 118, '2024-03', 87140, 45, 0, 8714),
(7039, 118, '2024-03', 87140, 43, 0, 8714),
(7040, 118, '2024-03', 87140, 47, 0, 4357),
(7041, 118, '2024-03', 87140, 48, 0, 8714),
(7042, 118, '2024-03', 87140, 0, 8, 500),
(7043, 118, '2024-03', 87140, 0, 12, 5360),
(7044, 118, '2024-03', 87140, 0, 33, 189),
(7045, 120, '2024-03', 106720, 17, 0, 32920),
(7046, 120, '2024-03', 106720, 20, 0, 5000),
(7047, 120, '2024-03', 106720, 21, 0, 12000),
(7048, 120, '2024-03', 106720, 22, 0, 10000),
(7049, 120, '2024-03', 106720, 24, 0, 1250),
(7050, 120, '2024-03', 106720, 25, 0, 8320),
(7051, 120, '2024-03', 106720, 27, 0, 600),
(7052, 120, '2024-03', 106720, 29, 0, 10000),
(7053, 120, '2024-03', 106720, 70, 0, 14000),
(7054, 120, '2024-03', 106720, 35, 0, 700),
(7055, 120, '2024-03', 106720, 38, 0, 15344),
(7056, 120, '2024-03', 106720, 39, 0, 1000),
(7057, 120, '2024-03', 106720, 44, 0, 42688),
(7058, 120, '2024-03', 106720, 45, 0, 10672),
(7059, 120, '2024-03', 106720, 43, 0, 10672),
(7060, 120, '2024-03', 106720, 48, 0, 10672),
(7061, 120, '2024-03', 106720, 0, 8, 500),
(7062, 120, '2024-03', 106720, 0, 9, 8940),
(7063, 120, '2024-03', 106720, 0, 31, 424),
(7064, 120, '2024-03', 106720, 0, 41, 4500),
(7065, 120, '2024-03', 106720, 0, 42, 25000),
(7066, 122, '2024-03', 42910, 69, 0, 60000),
(7067, 123, '2024-03', 67050, 20, 0, 5000),
(7068, 123, '2024-03', 67050, 25, 0, 8320),
(7069, 123, '2024-03', 67050, 65, 0, 7670),
(7070, 123, '2024-03', 67050, 45, 0, 6705),
(7071, 123, '2024-03', 67050, 43, 0, 6705),
(7072, 123, '2024-03', 67050, 47, 0, 3353),
(7073, 123, '2024-03', 67050, 48, 0, 6705),
(7074, 123, '2024-03', 67050, 0, 7, 250),
(7075, 123, '2024-03', 67050, 0, 8, 500),
(7076, 123, '2024-03', 67050, 0, 12, 5360),
(7077, 123, '2024-03', 67050, 0, 33, 189),
(7078, 110, '2023-12', 106720, 17, 0, 32920),
(7079, 110, '2023-12', 106720, 20, 0, 5000),
(7080, 110, '2023-12', 106720, 21, 0, 12000),
(7081, 110, '2023-12', 106720, 22, 0, 10000),
(7082, 110, '2023-12', 106720, 24, 0, 1250),
(7083, 110, '2023-12', 106720, 25, 0, 8320),
(7084, 110, '2023-12', 106720, 27, 0, 600),
(7085, 110, '2023-12', 106720, 29, 0, 10000),
(7086, 110, '2023-12', 106720, 33, 0, 21000),
(7087, 110, '2023-12', 106720, 34, 0, 56000),
(7088, 110, '2023-12', 106720, 35, 0, 700),
(7089, 110, '2023-12', 106720, 38, 0, 15344),
(7090, 110, '2023-12', 106720, 39, 0, 1000),
(7091, 110, '2023-12', 106720, 44, 0, 42688),
(7092, 110, '2023-12', 106720, 45, 0, 10672),
(7093, 110, '2023-12', 106720, 43, 0, 10672),
(7094, 110, '2023-12', 106720, 48, 0, 10672),
(7095, 110, '2023-12', 106720, 0, 8, 500),
(7096, 110, '2023-12', 106720, 0, 9, 8940),
(7097, 110, '2023-12', 106720, 0, 31, 424),
(7098, 110, '2023-12', 106720, 0, 41, 4500),
(7099, 110, '2023-12', 106720, 0, 42, 25000),
(7100, 111, '2023-12', 46960, 15, 0, 8714),
(7101, 111, '2023-12', 46960, 20, 0, 5000),
(7102, 111, '2023-12', 46960, 23, 0, 2500),
(7103, 111, '2023-12', 46960, 25, 0, 8320),
(7104, 111, '2023-12', 46960, 31, 0, 5000),
(7105, 111, '2023-12', 46960, 37, 0, 500),
(7106, 111, '2023-12', 46960, 38, 0, 7670),
(7107, 111, '2023-12', 46960, 39, 0, 1000),
(7108, 111, '2023-12', 46960, 45, 0, 4696),
(7109, 111, '2023-12', 46960, 43, 0, 4696),
(7110, 111, '2023-12', 46960, 47, 0, 2348),
(7111, 111, '2023-12', 46960, 48, 0, 4696),
(7112, 111, '2023-12', 46960, 0, 8, 500),
(7113, 111, '2023-12', 46960, 0, 12, 5360),
(7114, 111, '2023-12', 46960, 0, 33, 189),
(7115, 115, '2023-12', 0, 69, 0, 60000),
(7116, 118, '2023-12', 87140, 15, 0, 8714),
(7117, 118, '2023-12', 87140, 20, 0, 5000),
(7118, 118, '2023-12', 87140, 23, 0, 2500),
(7119, 118, '2023-12', 87140, 25, 0, 8320),
(7120, 118, '2023-12', 87140, 31, 0, 5000),
(7121, 118, '2023-12', 87140, 37, 0, 500),
(7122, 118, '2023-12', 87140, 38, 0, 7670),
(7123, 118, '2023-12', 87140, 39, 0, 1000),
(7124, 118, '2023-12', 87140, 45, 0, 8714),
(7125, 118, '2023-12', 87140, 43, 0, 8714),
(7126, 118, '2023-12', 87140, 47, 0, 4357),
(7127, 118, '2023-12', 87140, 48, 0, 8714),
(7128, 118, '2023-12', 87140, 0, 8, 500),
(7129, 118, '2023-12', 87140, 0, 12, 5360),
(7130, 118, '2023-12', 87140, 0, 33, 189),
(7131, 120, '2023-12', 106720, 17, 0, 32920),
(7132, 120, '2023-12', 106720, 20, 0, 5000),
(7133, 120, '2023-12', 106720, 21, 0, 12000),
(7134, 120, '2023-12', 106720, 22, 0, 10000),
(7135, 120, '2023-12', 106720, 24, 0, 1250),
(7136, 120, '2023-12', 106720, 25, 0, 8320),
(7137, 120, '2023-12', 106720, 27, 0, 600),
(7138, 120, '2023-12', 106720, 29, 0, 10000),
(7139, 120, '2023-12', 106720, 70, 0, 14000),
(7140, 120, '2023-12', 106720, 35, 0, 700),
(7141, 120, '2023-12', 106720, 38, 0, 15344),
(7142, 120, '2023-12', 106720, 39, 0, 1000),
(7143, 120, '2023-12', 106720, 44, 0, 42688),
(7144, 120, '2023-12', 106720, 45, 0, 10672),
(7145, 120, '2023-12', 106720, 43, 0, 10672),
(7146, 120, '2023-12', 106720, 48, 0, 10672),
(7147, 120, '2023-12', 106720, 0, 8, 500),
(7148, 120, '2023-12', 106720, 0, 9, 8940),
(7149, 120, '2023-12', 106720, 0, 31, 424),
(7150, 120, '2023-12', 106720, 0, 41, 4500),
(7151, 120, '2023-12', 106720, 0, 42, 25000),
(7152, 122, '2023-12', 42910, 69, 0, 60000),
(7153, 123, '2023-12', 67050, 20, 0, 5000),
(7154, 123, '2023-12', 67050, 25, 0, 8320),
(7155, 123, '2023-12', 67050, 65, 0, 7670),
(7156, 123, '2023-12', 67050, 45, 0, 6705),
(7157, 123, '2023-12', 67050, 43, 0, 6705),
(7158, 123, '2023-12', 67050, 47, 0, 3353),
(7159, 123, '2023-12', 67050, 48, 0, 6705),
(7160, 123, '2023-12', 67050, 0, 7, 250),
(7161, 123, '2023-12', 67050, 0, 8, 500),
(7162, 123, '2023-12', 67050, 0, 12, 5360),
(7163, 123, '2023-12', 67050, 0, 33, 189),
(7164, 110, '2024-04', 106720, 17, 0, 32920),
(7165, 110, '2024-04', 106720, 20, 0, 5000),
(7166, 110, '2024-04', 106720, 21, 0, 12000),
(7167, 110, '2024-04', 106720, 22, 0, 10000),
(7168, 110, '2024-04', 106720, 24, 0, 1250),
(7169, 110, '2024-04', 106720, 25, 0, 8320),
(7170, 110, '2024-04', 106720, 27, 0, 600),
(7171, 110, '2024-04', 106720, 29, 0, 10000),
(7172, 110, '2024-04', 106720, 33, 0, 21000),
(7173, 110, '2024-04', 106720, 34, 0, 56000),
(7174, 110, '2024-04', 106720, 35, 0, 700),
(7175, 110, '2024-04', 106720, 38, 0, 15344),
(7176, 110, '2024-04', 106720, 39, 0, 1000),
(7177, 110, '2024-04', 106720, 44, 0, 42688),
(7178, 110, '2024-04', 106720, 45, 0, 10672),
(7179, 110, '2024-04', 106720, 43, 0, 10672),
(7180, 110, '2024-04', 106720, 48, 0, 10672),
(7181, 110, '2024-04', 106720, 0, 8, 500),
(7182, 110, '2024-04', 106720, 0, 9, 8940),
(7183, 110, '2024-04', 106720, 0, 31, 424),
(7184, 110, '2024-04', 106720, 0, 41, 4500),
(7185, 110, '2024-04', 106720, 0, 42, 25000),
(7186, 111, '2024-04', 46960, 15, 0, 8714),
(7187, 111, '2024-04', 46960, 20, 0, 5000),
(7188, 111, '2024-04', 46960, 23, 0, 2500),
(7189, 111, '2024-04', 46960, 25, 0, 8320),
(7190, 111, '2024-04', 46960, 31, 0, 5000),
(7191, 111, '2024-04', 46960, 37, 0, 500),
(7192, 111, '2024-04', 46960, 38, 0, 7670),
(7193, 111, '2024-04', 46960, 39, 0, 1000),
(7194, 111, '2024-04', 46960, 45, 0, 4696),
(7195, 111, '2024-04', 46960, 43, 0, 4696),
(7196, 111, '2024-04', 46960, 47, 0, 2348),
(7197, 111, '2024-04', 46960, 48, 0, 4696),
(7198, 111, '2024-04', 46960, 0, 8, 500),
(7199, 111, '2024-04', 46960, 0, 12, 5360),
(7200, 111, '2024-04', 46960, 0, 33, 189),
(7201, 115, '2024-04', 0, 69, 0, 60000),
(7202, 118, '2024-04', 87140, 15, 0, 8714),
(7203, 118, '2024-04', 87140, 20, 0, 5000),
(7204, 118, '2024-04', 87140, 23, 0, 2500),
(7205, 118, '2024-04', 87140, 25, 0, 8320),
(7206, 118, '2024-04', 87140, 31, 0, 5000),
(7207, 118, '2024-04', 87140, 37, 0, 500),
(7208, 118, '2024-04', 87140, 38, 0, 7670),
(7209, 118, '2024-04', 87140, 39, 0, 1000),
(7210, 118, '2024-04', 87140, 45, 0, 8714),
(7211, 118, '2024-04', 87140, 43, 0, 8714),
(7212, 118, '2024-04', 87140, 47, 0, 4357),
(7213, 118, '2024-04', 87140, 48, 0, 8714),
(7214, 118, '2024-04', 87140, 0, 8, 500),
(7215, 118, '2024-04', 87140, 0, 12, 5360),
(7216, 118, '2024-04', 87140, 0, 33, 189),
(7217, 120, '2024-04', 106720, 17, 0, 32920),
(7218, 120, '2024-04', 106720, 20, 0, 5000),
(7219, 120, '2024-04', 106720, 21, 0, 12000),
(7220, 120, '2024-04', 106720, 22, 0, 10000),
(7221, 120, '2024-04', 106720, 24, 0, 1250),
(7222, 120, '2024-04', 106720, 25, 0, 8320),
(7223, 120, '2024-04', 106720, 27, 0, 600),
(7224, 120, '2024-04', 106720, 29, 0, 10000),
(7225, 120, '2024-04', 106720, 70, 0, 14000),
(7226, 120, '2024-04', 106720, 35, 0, 700),
(7227, 120, '2024-04', 106720, 38, 0, 15344),
(7228, 120, '2024-04', 106720, 39, 0, 1000),
(7229, 120, '2024-04', 106720, 44, 0, 42688),
(7230, 120, '2024-04', 106720, 45, 0, 10672),
(7231, 120, '2024-04', 106720, 43, 0, 10672),
(7232, 120, '2024-04', 106720, 48, 0, 10672),
(7233, 120, '2024-04', 106720, 0, 8, 500),
(7234, 120, '2024-04', 106720, 0, 9, 8940),
(7235, 120, '2024-04', 106720, 0, 31, 424),
(7236, 120, '2024-04', 106720, 0, 41, 4500),
(7237, 120, '2024-04', 106720, 0, 42, 25000),
(7238, 122, '2024-04', 42910, 69, 0, 60000),
(7239, 123, '2024-04', 67050, 20, 0, 5000),
(7240, 123, '2024-04', 67050, 25, 0, 8320),
(7241, 123, '2024-04', 67050, 65, 0, 7670),
(7242, 123, '2024-04', 67050, 45, 0, 6705),
(7243, 123, '2024-04', 67050, 43, 0, 6705),
(7244, 123, '2024-04', 67050, 47, 0, 3353),
(7245, 123, '2024-04', 67050, 48, 0, 6705),
(7246, 123, '2024-04', 67050, 0, 7, 250),
(7247, 123, '2024-04', 67050, 0, 8, 500),
(7248, 123, '2024-04', 67050, 0, 12, 5360),
(7249, 123, '2024-04', 67050, 0, 33, 189),
(7250, 126, '2024-04', 70640, 0, 5, 3532),
(7251, 126, '2024-04', 70640, 0, 15, 100),
(7252, 126, '2024-04', 70640, 0, 18, 200),
(7253, 126, '2024-04', 70640, 0, 20, 3340),
(7254, 126, '2024-04', 70640, 0, 35, 106),
(7255, 126, '2024-04', 70640, 0, 39, 1293),
(7256, 126, '2024-04', 70640, 0, 43, 2000);

-- --------------------------------------------------------

--
-- Table structure for table `user`
--

CREATE TABLE `user` (
  `user_id` int(11) NOT NULL,
  `user_name` varchar(50) NOT NULL,
  `user_email` varchar(30) NOT NULL,
  `user_password` varchar(50) NOT NULL,
  `user_role` varchar(20) NOT NULL
) ENGINE=InnoDB DEFAULT CHARSET=latin1;

--
-- Dumping data for table `user`
--

INSERT INTO `user` (`user_id`, `user_name`, `user_email`, `user_password`, `user_role`) VALUES
(1, 'Pay Bill Section', 'admin@admin.com', '25d55ad283aa400af464c76d713c07ad', 'admin'),
(2, 'owais', 'paybill1@gmail.com', '8f687869a2fc7122a12ee3c302c8463e', 'staff'),
(5, 'user3', 'user@gamil.com', '82c82031c23f1978a8c2d51a886a27a1', 'test'),
(6, 'abc', 'abc@abc.com', '25d55ad283aa400af464c76d713c07ad', 'Teacher');

--
-- Indexes for dumped tables
--

--
-- Indexes for table `allowance`
--
ALTER TABLE `allowance`
  ADD PRIMARY KEY (`allow_id`);

--
-- Indexes for table `basicpay`
--
ALTER TABLE `basicpay`
  ADD PRIMARY KEY (`bp_id`);

--
-- Indexes for table `deduction`
--
ALTER TABLE `deduction`
  ADD PRIMARY KEY (`deduct_id`);

--
-- Indexes for table `department`
--
ALTER TABLE `department`
  ADD PRIMARY KEY (`dept_id`);

--
-- Indexes for table `employee`
--
ALTER TABLE `employee`
  ADD PRIMARY KEY (`emp_id`);

--
-- Indexes for table `employee_allowances`
--
ALTER TABLE `employee_allowances`
  ADD PRIMARY KEY (`emp_allow_id`);

--
-- Indexes for table `employee_deduction`
--
ALTER TABLE `employee_deduction`
  ADD PRIMARY KEY (`emp_deduct_id`);

--
-- Indexes for table `pay_slip`
--
ALTER TABLE `pay_slip`
  ADD PRIMARY KEY (`payslip_id`);

--
-- Indexes for table `user`
--
ALTER TABLE `user`
  ADD PRIMARY KEY (`user_id`);

--
-- AUTO_INCREMENT for dumped tables
--

--
-- AUTO_INCREMENT for table `allowance`
--
ALTER TABLE `allowance`
  MODIFY `allow_id` int(11) NOT NULL AUTO_INCREMENT, AUTO_INCREMENT=71;

--
-- AUTO_INCREMENT for table `basicpay`
--
ALTER TABLE `basicpay`
  MODIFY `bp_id` int(20) NOT NULL AUTO_INCREMENT, AUTO_INCREMENT=29;

--
-- AUTO_INCREMENT for table `deduction`
--
ALTER TABLE `deduction`
  MODIFY `deduct_id` int(20) NOT NULL AUTO_INCREMENT, AUTO_INCREMENT=45;

--
-- AUTO_INCREMENT for table `department`
--
ALTER TABLE `department`
  MODIFY `dept_id` int(11) NOT NULL AUTO_INCREMENT, AUTO_INCREMENT=61;

--
-- AUTO_INCREMENT for table `employee`
--
ALTER TABLE `employee`
  MODIFY `emp_id` int(11) NOT NULL AUTO_INCREMENT, AUTO_INCREMENT=127;

--
-- AUTO_INCREMENT for table `employee_allowances`
--
ALTER TABLE `employee_allowances`
  MODIFY `emp_allow_id` int(11) NOT NULL AUTO_INCREMENT, AUTO_INCREMENT=292;

--
-- AUTO_INCREMENT for table `employee_deduction`
--
ALTER TABLE `employee_deduction`
  MODIFY `emp_deduct_id` int(20) NOT NULL AUTO_INCREMENT, AUTO_INCREMENT=139;

--
-- AUTO_INCREMENT for table `pay_slip`
--
ALTER TABLE `pay_slip`
  MODIFY `payslip_id` int(20) NOT NULL AUTO_INCREMENT, AUTO_INCREMENT=7257;

--
-- AUTO_INCREMENT for table `user`
--
ALTER TABLE `user`
  MODIFY `user_id` int(11) NOT NULL AUTO_INCREMENT, AUTO_INCREMENT=7;
COMMIT;

/*!40101 SET CHARACTER_SET_CLIENT=@OLD_CHARACTER_SET_CLIENT */;
/*!40101 SET CHARACTER_SET_RESULTS=@OLD_CHARACTER_SET_RESULTS */;
/*!40101 SET COLLATION_CONNECTION=@OLD_COLLATION_CONNECTION */;
